Entity,Code,Year,Average surface temperature
Argentina,ARG,2000,13.845887
Argentina,ARG,2001,14.548152
Argentina,ARG,2002,14.346806
Argentina,ARG,2003,14.864838
Argentina,ARG,2004,14.817494
Argentina,ARG,2005,14.473485
Argentina,ARG,2006,15.045753
Argentina,ARG,2007,14.090085
Argentina,ARG,2008,14.989705
Argentina,ARG,2009,15.08176
Argentina,ARG,2010,14.485295
Argentina,ARG,2011,14.761898
Argentina,ARG,2012,15.185525
Argentina,ARG,2013,15.062551
Argentina,ARG,2014,14.981773
Argentina,ARG,2015,15.12271
Argentina,ARG,2016,14.622075
Argentina,ARG,2017,15.129823
Argentina,ARG,2018,14.9439745
Argentina,ARG,2019,15.001052
Argentina,ARG,2020,15.251496
Argentina,ARG,2021,15.234355
Argentina,ARG,2022,14.760689
Argentina,ARG,2023,15.652064
Argentina,ARG,2024,15.301922
Argentina,ARG,2025,15.387734
Australia,AUS,2000,21.287556
Australia,AUS,2001,21.458199
Australia,AUS,2002,22.310005
Australia,AUS,2003,22.224907
Australia,AUS,2004,22.07805
Australia,AUS,2005,22.727583
Australia,AUS,2006,22.045454
Australia,AUS,2007,22.272028
Australia,AUS,2008,22.009054
Australia,AUS,2009,22.494513
Australia,AUS,2010,21.751925
Australia,AUS,2011,21.347992
Australia,AUS,2012,21.739702
Australia,AUS,2013,22.897362
Australia,AUS,2014,22.5949
Australia,AUS,2015,22.5064
Australia,AUS,2016,22.401682
Australia,AUS,2017,22.474947
Australia,AUS,2018,22.603178
Australia,AUS,2019,23.126204
Australia,AUS,2020,22.580719
Australia,AUS,2021,21.964605
Australia,AUS,2022,21.874098
Australia,AUS,2023,22.426826
Australia,AUS,2024,22.790445
Australia,AUS,2025,22.638891
Brazil,BRA,2000,24.468048
Brazil,BRA,2001,24.788582
Brazil,BRA,2002,25.19069
Brazil,BRA,2003,24.974861
Brazil,BRA,2004,24.848555
Brazil,BRA,2005,25.171263
Brazil,BRA,2006,24.939947
Brazil,BRA,2007,25.135178
Brazil,BRA,2008,24.786936
Brazil,BRA,2009,25.011078
Brazil,BRA,2010,25.333456
Brazil,BRA,2011,24.892649
Brazil,BRA,2012,25.170889
Brazil,BRA,2013,25.060377
Brazil,BRA,2014,25.171837
Brazil,BRA,2015,25.683662
Brazil,BRA,2016,25.5642
Brazil,BRA,2017,25.381369
Brazil,BRA,2018,25.092575
Brazil,BRA,2019,25.529654
Brazil,BRA,2020,25.193413
Brazil,BRA,2021,24.974846
Brazil,BRA,2022,24.79374
Brazil,BRA,2023,25.542206
Brazil,BRA,2024,25.78971
Brazil,BRA,2025,25.160255
Canada,CAN,2000,-4.0471992
Canada,CAN,2001,-3.030084
Canada,CAN,2002,-4.271507
Canada,CAN,2003,-3.7182093
Canada,CAN,2004,-4.764981
Canada,CAN,2005,-3.1651356
Canada,CAN,2006,-2.2725153
Canada,CAN,2007,-3.947485
Canada,CAN,2008,-4.1480646
Canada,CAN,2009,-3.9720433
Canada,CAN,2010,-1.6897383
Canada,CAN,2011,-3.3942096
Canada,CAN,2012,-2.9375496
Canada,CAN,2013,-3.9773796
Canada,CAN,2014,-4.110524
Canada,CAN,2015,-3.5110137
Canada,CAN,2016,-2.6479042
Canada,CAN,2017,-3.2141187
Canada,CAN,2018,-4.2081428
Canada,CAN,2019,-3.619446
Canada,CAN,2020,-3.5554607
Canada,CAN,2021,-2.753712
Canada,CAN,2022,-3.5735824
Canada,CAN,2023,-1.8058438
Canada,CAN,2024,-1.7454847
Canada,CAN,2025,-2.5488095
China,CHN,2000,6.785953
China,CHN,2001,7.1801186
China,CHN,2002,7.3148193
China,CHN,2003,7.1057873
China,CHN,2004,7.2820187
China,CHN,2005,6.944292
China,CHN,2006,7.518627
China,CHN,2007,7.721657
China,CHN,2008,7.1848316
China,CHN,2009,7.3951855
China,CHN,2010,7.176935
China,CHN,2011,6.9137053
China,CHN,2012,6.6338544
China,CHN,2013,7.3884177
China,CHN,2014,7.3119946
China,CHN,2015,7.660294
China,CHN,2016,7.7636814
China,CHN,2017,7.772824
China,CHN,2018,7.4250717
China,CHN,2019,7.570721
China,CHN,2020,7.6063333
China,CHN,2021,7.823129
China,CHN,2022,7.7846017
China,CHN,2023,7.972056
China,CHN,2024,8.343701
China,CHN,2025,8.2147665
Egypt,EGY,2000,22.30731
Egypt,EGY,2001,22.999285
Egypt,EGY,2002,23.148584
Egypt,EGY,2003,22.929125
Egypt,EGY,2004,22.942251
Egypt,EGY,2005,23.00768
Egypt,EGY,2006,22.934097
Egypt,EGY,2007,23.045563
Egypt,EGY,2008,23.346174
Egypt,EGY,2009,23.205206
Egypt,EGY,2010,24.676065
Egypt,EGY,2011,22.647903
Egypt,EGY,2012,23.260477
Egypt,EGY,2013,23.30596
Egypt,EGY,2014,23.616701
Egypt,EGY,2015,23.349646
Egypt,EGY,2016,23.726995
Egypt,EGY,2017,23.009504
Egypt,EGY,2018,24.097162
Egypt,EGY,2019,23.365585
Egypt,EGY,2020,23.157831
Egypt,EGY,2021,23.623568
Egypt,EGY,2022,22.953033
Egypt,EGY,2023,23.844324
Egypt,EGY,2024,24.037683
Egypt,EGY,2025,23.565573
France,FRA,2000,13.505878
France,FRA,2001,13.208331
France,FRA,2002,13.596734
France,FRA,2003,13.906772
France,FRA,2004,13.1948
France,FRA,2005,13.188999
France,FRA,2006,13.700684
France,FRA,2007,13.411831
France,FRA,2008,13.104882
France,FRA,2009,13.529804
France,FRA,2010,12.611843
France,FRA,2011,14.108528
France,FRA,2012,13.360692
France,FRA,2013,12.958579
France,FRA,2014,14.144451
France,FRA,2015,13.994941
France,FRA,2016,13.606183
France,FRA,2017,13.771838
France,FRA,2018,14.222922
France,FRA,2019,14.081471
France,FRA,2020,14.505009
France,FRA,2021,13.359397
France,FRA,2022,14.760943
France,FRA,2023,14.677829
France,FRA,2024,14.195033
France,FRA,2025,14.224018
Germany,DEU,2000,9.902544
Germany,DEU,2001,9.03827
Germany,DEU,2002,9.605247
Germany,DEU,2003,9.481328
Germany,DEU,2004,9.054963
Germany,DEU,2005,9.144754
Germany,DEU,2006,9.698983
Germany,DEU,2007,10.024604
Germany,DEU,2008,9.64893
Germany,DEU,2009,9.349814
Germany,DEU,2010,8.006869
Germany,DEU,2011,9.798554
Germany,DEU,2012,9.237489
Germany,DEU,2013,8.840346
Germany,DEU,2014,10.46869
Germany,DEU,2015,10.070582
Germany,DEU,2016,9.678044
Germany,DEU,2017,9.709258
Germany,DEU,2018,10.607099
Germany,DEU,2019,10.416997
Germany,DEU,2020,10.541353
Germany,DEU,2021,9.241366
Germany,DEU,2022,10.615905
Germany,DEU,2023,10.706231
Germany,DEU,2024,10.952907
Germany,DEU,2025,10.076727
India,IND,2000,23.941797
India,IND,2001,24.018225
India,IND,2002,24.381563
India,IND,2003,24.12349
India,IND,2004,24.167746
India,IND,2005,24.089312
India,IND,2006,24.34047
India,IND,2007,24.218033
India,IND,2008,23.98672
India,IND,2009,24.703722
India,IND,2010,24.658434
India,IND,2011,24.01088
India,IND,2012,24.120453
India,IND,2013,23.933027
India,IND,2014,24.16243
India,IND,2015,24.441114
India,IND,2016,24.822632
India,IND,2017,24.683939
India,IND,2018,24.487251
India,IND,2019,24.450323
India,IND,2020,24.16279
India,IND,2021,24.26062
India,IND,2022,24.43696
India,IND,2023,24.442795
India,IND,2024,24.738352
India,IND,2025,24.234177
Indonesia,IDN,2000,24.831553
Indonesia,IDN,2001,24.932646
Indonesia,IDN,2002,25.087202
Indonesia,IDN,2003,25.052223
Indonesia,IDN,2004,25.05004
Indonesia,IDN,2005,25.124704
Indonesia,IDN,2006,25.09938
Indonesia,IDN,2007,25.104311
Indonesia,IDN,2008,24.928862
Indonesia,IDN,2009,25.298113
Indonesia,IDN,2010,25.424742
Indonesia,IDN,2011,25.103395
Indonesia,IDN,2012,25.17441
Indonesia,IDN,2013,25.292559
Indonesia,IDN,2014,25.349745
Indonesia,IDN,2015,25.458136
Indonesia,IDN,2016,25.770737
Indonesia,IDN,2017,25.434715
Indonesia,IDN,2018,25.43818
Indonesia,IDN,2019,25.568398
Indonesia,IDN,2020,25.664236
Indonesia,IDN,2021,25.479937
Indonesia,IDN,2022,25.425005
Indonesia,IDN,2023,25.733643
Indonesia,IDN,2024,26.0057
Indonesia,IDN,2025,25.496986
Japan,JPN,2000,11.876288
Japan,JPN,2001,11.514995
Japan,JPN,2002,11.906783
Japan,JPN,2003,11.666081
Japan,JPN,2004,12.531399
Japan,JPN,2005,11.648875
Japan,JPN,2006,11.926738
Japan,JPN,2007,12.316644
Japan,JPN,2008,12.054314
Japan,JPN,2009,12.110658
Japan,JPN,2010,12.367088
Japan,JPN,2011,11.857816
Japan,JPN,2012,11.687241
Japan,JPN,2013,12.055607
Japan,JPN,2014,11.806275
Japan,JPN,2015,12.540666
Japan,JPN,2016,12.606738
Japan,JPN,2017,11.920608
Japan,JPN,2018,12.538939
Japan,JPN,2019,12.661652
Japan,JPN,2020,12.7505
Japan,JPN,2021,12.751911
Japan,JPN,2022,12.688298
Japan,JPN,2023,13.431987
Japan,JPN,2024,13.445911
Japan,JPN,2025,12.864715
Kenya,KEN,2000,25.104141
Kenya,KEN,2001,24.970266
Kenya,KEN,2002,25.05404
Kenya,KEN,2003,25.236532
Kenya,KEN,2004,25.229311
Kenya,KEN,2005,25.568314
Kenya,KEN,2006,25.331648
Kenya,KEN,2007,25.326632
Kenya,KEN,2008,25.26992
Kenya,KEN,2009,25.711843
Kenya,KEN,2010,25.467123
Kenya,KEN,2011,25.464212
Kenya,KEN,2012,25.32406
Kenya,KEN,2013,25.186506
Kenya,KEN,2014,25.465178
Kenya,KEN,2015,25.707964
Kenya,KEN,2016,25.689596
Kenya,KEN,2017,25.797071
Kenya,KEN,2018,25.07859
Kenya,KEN,2019,25.87288
Kenya,KEN,2020,25.452744
Kenya,KEN,2021,25.784853
Kenya,KEN,2022,25.657228
Kenya,KEN,2023,25.605726
Kenya,KEN,2024,26.03523
Kenya,KEN,2025,25.796387
Mexico,MEX,2000,20.787806
Mexico,MEX,2001,20.657885
Mexico,MEX,2002,20.80387
Mexico,MEX,2003,20.85753
Mexico,MEX,2004,20.353317
Mexico,MEX,2005,20.954447
Mexico,MEX,2006,21.017538
Mexico,MEX,2007,20.676563
Mexico,MEX,2008,20.721277
Mexico,MEX,2009,21.173534
Mexico,MEX,2010,20.442516
Mexico,MEX,2011,21.245928
Mexico,MEX,2012,21.230206
Mexico,MEX,2013,20.791994
Mexico,MEX,2014,20.97883
Mexico,MEX,2015,21.0515
Mexico,MEX,2016,21.226395
Mexico,MEX,2017,21.382257
Mexico,MEX,2018,21.058031
Mexico,MEX,2019,21.33991
Mexico,MEX,2020,21.578613
Mexico,MEX,2021,21.23676
Mexico,MEX,2022,20.961473
Mexico,MEX,2023,21.676765
Mexico,MEX,2024,21.943674
Mexico,MEX,2025,21.679186
New Zealand,NZL,2000,10.38859
New Zealand,NZL,2001,10.460402
New Zealand,NZL,2002,10.220196
New Zealand,NZL,2003,10.192815
New Zealand,NZL,2004,9.701204
New Zealand,NZL,2005,10.81604
New Zealand,NZL,2006,9.930501
New Zealand,NZL,2007,10.391894
New Zealand,NZL,2008,10.483936
New Zealand,NZL,2009,9.895028
New Zealand,NZL,2010,10.689178
New Zealand,NZL,2011,10.518913
New Zealand,NZL,2012,10.103877
New Zealand,NZL,2013,10.992181
New Zealand,NZL,2014,10.461404
New Zealand,NZL,2015,10.319316
New Zealand,NZL,2016,11.062218
New Zealand,NZL,2017,10.887173
New Zealand,NZL,2018,11.060437
New Zealand,NZL,2019,11.082637
New Zealand,NZL,2020,10.975189
New Zealand,NZL,2021,11.178752
New Zealand,NZL,2022,11.447204
New Zealand,NZL,2023,11.203022
New Zealand,NZL,2024,10.824283
New Zealand,NZL,2025,11.18758
Nigeria,NGA,2000,26.664055
Nigeria,NGA,2001,26.726206
Nigeria,NGA,2002,26.862213
Nigeria,NGA,2003,27.078146
Nigeria,NGA,2004,27.148619
Nigeria,NGA,2005,27.519022
Nigeria,NGA,2006,27.46508
Nigeria,NGA,2007,27.016428
Nigeria,NGA,2008,26.81912
Nigeria,NGA,2009,27.507193
Nigeria,NGA,2010,27.752472
Nigeria,NGA,2011,27.250433
Nigeria,NGA,2012,27.008196
Nigeria,NGA,2013,27.266068
Nigeria,NGA,2014,27.116241
Nigeria,NGA,2015,27.282501
Nigeria,NGA,2016,27.412277
Nigeria,NGA,2017,27.394035
Nigeria,NGA,2018,27.21299
Nigeria,NGA,2019,27.254944
Nigeria,NGA,2020,27.260897
Nigeria,NGA,2021,27.501951
Nigeria,NGA,2022,26.972275
Nigeria,NGA,2023,27.647196
Nigeria,NGA,2024,27.767776
Nigeria,NGA,2025,27.782959
Peru,PER,2000,18.390787
Peru,PER,2001,18.421083
Peru,PER,2002,18.718609
Peru,PER,2003,18.737223
Peru,PER,2004,18.673504
Peru,PER,2005,18.941236
Peru,PER,2006,18.784288
Peru,PER,2007,18.675331
Peru,PER,2008,18.674208
Peru,PER,2009,18.922941
Peru,PER,2010,19.182795
Peru,PER,2011,18.657545
Peru,PER,2012,18.80135
Peru,PER,2013,18.791767
Peru,PER,2014,18.904871
Peru,PER,2015,19.293928
Peru,PER,2016,19.416101
Peru,PER,2017,19.03269
Peru,PER,2018,18.69678
Peru,PER,2019,19.032663
Peru,PER,2020,19.36534
Peru,PER,2021,19.011148
Peru,PER,2022,18.889914
Peru,PER,2023,19.673395
Peru,PER,2024,20.018995
Peru,PER,2025,19.16006
South Africa,ZAF,2000,17.236944
South Africa,ZAF,2001,17.602562
South Africa,ZAF,2002,17.775019
South Africa,ZAF,2003,18.10695
South Africa,ZAF,2004,18.036228
South Africa,ZAF,2005,18.119617
South Africa,ZAF,2006,17.44005
South Africa,ZAF,2007,17.85269
South Africa,ZAF,2008,17.878004
South Africa,ZAF,2009,17.759348
South Africa,ZAF,2010,18.226
South Africa,ZAF,2011,17.32178
South Africa,ZAF,2012,17.709646
South Africa,ZAF,2013,17.85509
South Africa,ZAF,2014,17.954245
South Africa,ZAF,2015,18.842312
South Africa,ZAF,2016,18.829784
South Africa,ZAF,2017,18.28301
South Africa,ZAF,2018,18.3663
South Africa,ZAF,2019,19.134748
South Africa,ZAF,2020,18.1822
South Africa,ZAF,2021,17.853508
South Africa,ZAF,2022,18.121668
South Africa,ZAF,2023,18.237598
South Africa,ZAF,2024,18.91753
South Africa,ZAF,2025,18.34736
Sweden,SWE,2000,4.5811687
Sweden,SWE,2001,3.2068071
Sweden,SWE,2002,3.8394868
Sweden,SWE,2003,3.7756226
Sweden,SWE,2004,3.6305
Sweden,SWE,2005,4.0455737
Sweden,SWE,2006,4.441709
Sweden,SWE,2007,4.1230397
Sweden,SWE,2008,4.260595
Sweden,SWE,2009,3.5187552
Sweden,SWE,2010,1.6540021
Sweden,SWE,2011,4.589865
Sweden,SWE,2012,3.0650094
Sweden,SWE,2013,3.890646
Sweden,SWE,2014,4.881504
Sweden,SWE,2015,4.612466
Sweden,SWE,2016,4.1103063
Sweden,SWE,2017,3.779836
Sweden,SWE,2018,4.218958
Sweden,SWE,2019,4.0332885
Sweden,SWE,2020,5.442419
Sweden,SWE,2021,3.6912823
Sweden,SWE,2022,4.500668
Sweden,SWE,2023,3.7347002
Sweden,SWE,2024,4.67592
Sweden,SWE,2025,5.2096925
United Kingdom,GBR,2000,9.423863
United Kingdom,GBR,2001,9.107518
United Kingdom,GBR,2002,9.734187
United Kingdom,GBR,2003,9.737461
United Kingdom,GBR,2004,9.701168
United Kingdom,GBR,2005,9.65591
United Kingdom,GBR,2006,9.939496
United Kingdom,GBR,2007,9.80791
United Kingdom,GBR,2008,9.2677
United Kingdom,GBR,2009,9.387999
United Kingdom,GBR,2010,8.228692
United Kingdom,GBR,2011,9.875453
United Kingdom,GBR,2012,8.953001
United Kingdom,GBR,2013,8.982051
United Kingdom,GBR,2014,10.129436
United Kingdom,GBR,2015,9.443027
United Kingdom,GBR,2016,9.547414
United Kingdom,GBR,2017,9.836843
United Kingdom,GBR,2018,9.709338
United Kingdom,GBR,2019,9.685108
United Kingdom,GBR,2020,9.900754
United Kingdom,GBR,2021,9.571002
United Kingdom,GBR,2022,10.32771
United Kingdom,GBR,2023,10.251937
United Kingdom,GBR,2024,10.097349
United Kingdom,GBR,2025,10.36597
United States,USA,2000,9.437106
United States,USA,2001,9.53598
United States,USA,2002,9.616954
United States,USA,2003,9.5446615
United States,USA,2004,9.543204
United States,USA,2005,9.853945
United States,USA,2006,9.965974
United States,USA,2007,9.86437
United States,USA,2008,8.99052
United States,USA,2009,9.107009
United States,USA,2010,9.511647
United States,USA,2011,9.549898
United States,USA,2012,10.389627
United States,USA,2013,9.19625
United States,USA,2014,9.448188
United States,USA,2015,10.340372
United States,USA,2016,10.816186
United States,USA,2017,10.459979
United States,USA,2018,10.083268
United States,USA,2019,9.849836
United States,USA,2020,10.273098
United States,USA,2021,10.219087
United States,USA,2022,9.867122
United States,USA,2023,10.353625
United States,USA,2024,10.713802
United States,USA,2025,10.425442