Entity,Code,Year,Net enrollment,Gross enrollment
Argentina,ARG,2000,76.43231,71.66987
Argentina,ARG,2001,80.41301,74.57651
Argentina,ARG,2002,82.04456,75.36766
Argentina,ARG,2003,81.88026,75.562
Argentina,ARG,2004,80.52159,73.23499
Argentina,ARG,2005,79.63978,71.11999
Argentina,ARG,2006,80.8962,70.16051
Argentina,ARG,2007,81.06935,69.6055
Argentina,ARG,2008,83.58893,69.48543
Argentina,ARG,2009,82.06762,70.31919
Argentina,ARG,2010,83.21757,71.13118
Argentina,ARG,2011,84.52755,77.09002
Argentina,ARG,2012,85.83856,79.01229
Argentina,ARG,2013,86.47249,81.56924
Argentina,ARG,2014,86.79508,83.51168
Argentina,ARG,2015,88.66142,84.85143
Argentina,ARG,2016,90.45522,86.23465
Argentina,ARG,2017,90.02341,87.03307
Argentina,ARG,2018,90.06667,87.60899
Argentina,ARG,2019,91.38191,90.82483
Argentina,ARG,2020,93.66767,95.72253
Argentina,ARG,2021,96.01195,105.7761
Argentina,ARG,2022,95.41187,104.82233
Australia,AUS,2015,99.14738,225.90366
Australia,AUS,2016,99.06639,219.62717
Australia,AUS,2017,98.83256,213.45418
Australia,AUS,2018,94.07884,181.79562
Australia,AUS,2019,96.76626,205.28603
Australia,AUS,2020,96.41245,195.07288
Australia,AUS,2021,95.49858,192.2667
Australia,AUS,2022,93.86569,185.15286
Australia,AUS,2023,93.72315,184.92867
Brazil,BRA,2012,84.56839,88.40978
Brazil,BRA,2013,86.00117,94.43022
Brazil,BRA,2014,87.40884,96.46548
Brazil,BRA,2015,84.49185,92.46705
Brazil,BRA,2016,84.36029,94.09586
Brazil,BRA,2017,84.2061,95.98394
Brazil,BRA,2018,85.67991,98.53261
Brazil,BRA,2019,85.99404,96.40976
Brazil,BRA,2020,86.65375,96.58792
Brazil,BRA,2021,88.50366,101.12754
Brazil,BRA,2022,91.80203,101.18307
Canada,CAN,2000,,105.17067
Canada,CAN,2005,,101.4979
Canada,CAN,2006,,101.0798
Canada,CAN,2007,,102.21822
Canada,CAN,2008,,103.01208
Canada,CAN,2009,,104.07092
Canada,CAN,2010,,103.70279
Canada,CAN,2011,,104.15701
Canada,CAN,2012,86.40217,119.56679
Canada,CAN,2013,86.89397,120.95356
Canada,CAN,2014,86.66923,121.86822
Canada,CAN,2015,86.86773,122.05067
Canada,CAN,2016,91.96069,116.29708
Canada,CAN,2017,92.92155,117.26734
Canada,CAN,2018,93.46196,117.224
Canada,CAN,2019,86.24297,117.14883
Canada,CAN,2020,85.74073,114.85336
Canada,CAN,2021,85.98398,113.98348
Canada,CAN,2022,85.25731,111.97692
China,CHN,2000,,36.22807
China,CHN,2001,,37.02228
China,CHN,2002,,37.1104
China,CHN,2003,,39.22356
China,CHN,2006,,50.9451
China,CHN,2007,,57.78834
China,CHN,2008,,65.40947
China,CHN,2009,,74.14534
China,CHN,2010,,78.23364
China,CHN,2011,,80.52394
China,CHN,2012,,82.42358
China,CHN,2013,,88.30117
China,CHN,2014,,86.60977
China,CHN,2015,,84.76136
China,CHN,2016,,82.07305
China,CHN,2017,,81.43236
China,CHN,2018,,82.01037
China,CHN,2019,,83.23749
China,CHN,2020,,84.5372
China,CHN,2021,,87.43241
China,CHN,2022,,89.84449
China,CHN,2023,,91.47389
Egypt,EGY,2000,,64.88055
Egypt,EGY,2001,,67.53278
Egypt,EGY,2002,,64.58501
Egypt,EGY,2003,,69.54498
Egypt,EGY,2004,,68.88287
Egypt,EGY,2009,,43.58398
Egypt,EGY,2010,,45.28694
Egypt,EGY,2011,,59.87739
Egypt,EGY,2012,,61.89131
Egypt,EGY,2013,,63.61282
Egypt,EGY,2014,66.37587,62.20529
Egypt,EGY,2016,65.93468,64.94018
Egypt,EGY,2017,66.56607,66.62488
Egypt,EGY,2018,66.96544,67.77499
Egypt,EGY,2019,67.17189,68.03999
Egypt,EGY,2020,68.30632,69.97589
Egypt,EGY,2021,69.46443,71.67856
Egypt,EGY,2022,,67.89415
Egypt,EGY,2023,69.80853,74.48001
France,FRA,2000,90.78637,109.39426
France,FRA,2001,90.61803,108.19938
France,FRA,2002,90.83091,105.52661
France,FRA,2003,90.21842,104.9157
France,FRA,2004,89.64384,103.73944
France,FRA,2005,93.26627,107.69549
France,FRA,2006,93.13895,108.19067
France,FRA,2007,93.31838,108.6
France,FRA,2008,93.30324,108.81794
France,FRA,2009,93.14829,109.66693
France,FRA,2010,92.73551,111.11902
France,FRA,2011,93.05499,111.71357
France,FRA,2012,93.85723,110.72522
France,FRA,2013,94.32135,108.32003
France,FRA,2014,93.8654,107.50148
France,FRA,2015,94.41646,106.96103
France,FRA,2016,94.58032,106.36287
France,FRA,2017,95.20527,107.18703
France,FRA,2018,95.24626,107.3831
France,FRA,2019,95.61165,107.67211
France,FRA,2020,96.86535,108.34868
France,FRA,2021,96.55929,108.78734
France,FRA,2022,95.93454,108.92777
Germany,DEU,2000,,98.72844
Germany,DEU,2001,,99.54862
Germany,DEU,2002,93.00516,101.3586
Germany,DEU,2003,92.13821,100.08285
Germany,DEU,2004,91.16922,98.70173
Germany,DEU,2005,91.06908,97.76303
Germany,DEU,2006,91.04068,100.41496
Germany,DEU,2007,90.43533,99.00044
Germany,DEU,2008,91.6081,104.1343
Germany,DEU,2009,90.63638,101.98626
Germany,DEU,2010,92.0999,107.67144
Germany,DEU,2011,96.36824,112.29885
Germany,DEU,2012,92.63046,110.80566
Germany,DEU,2013,92.53725,107.95184
Germany,DEU,2014,92.16063,106.2242
Germany,DEU,2015,91.00761,104.25081
Germany,DEU,2016,88.6335,101.63568
Germany,DEU,2017,89.8125,99.64407
Germany,DEU,2018,88.76964,99.01349
Germany,DEU,2019,89.35766,101.53064
Germany,DEU,2020,89.00043,103.02089
Germany,DEU,2021,89.43733,103.601
Germany,DEU,2022,89.15755,102.98488
Germany,DEU,2023,88.32406,98.16623
India,IND,2002,,36.21894
India,IND,2003,,38.961
India,IND,2004,,40.27104
India,IND,2005,,42.26721
India,IND,2006,,43.51984
India,IND,2007,,44.25017
India,IND,2008,,49.17331
India,IND,2009,,49.4769
India,IND,2010,,51.87456
India,IND,2011,,55.13357
India,IND,2012,,58.6006
India,IND,2013,53.06344,57.27186
India,IND,2014,,64.9453
India,IND,2015,,64.63513
India,IND,2016,,66.32268
India,IND,2017,,64.2082
India,IND,2018,,66.43334
India,IND,2019,,66.76892
India,IND,2020,58.48325,69.30168
India,IND,2021,60.738415,73.20446
India,IND,2022,58.033936,73.29492
India,IND,2023,56.993267,72.200874
India,IND,2024,56.833652,70.704926
Indonesia,IDN,2000,,39.85703
Indonesia,IDN,2001,40.13299,40.03373
Indonesia,IDN,2002,48.35053,42.97244
Indonesia,IDN,2003,52.47611,45.34469
Indonesia,IDN,2004,55.09552,47.90314
Indonesia,IDN,2005,46.90029,48.89986
Indonesia,IDN,2006,50.12028,50.19586
Indonesia,IDN,2007,55.5872,55.57846
Indonesia,IDN,2008,56.19909,56.63033
Indonesia,IDN,2009,56.61469,62.43262
Indonesia,IDN,2010,57.66786,62.84153
Indonesia,IDN,2011,68.01335,67.69992
Indonesia,IDN,2012,70.35781,70.31236
Indonesia,IDN,2013,72.32625,73.321686
Indonesia,IDN,2014,69.48137,73.443016
Indonesia,IDN,2015,73.51333,76.484566
Indonesia,IDN,2016,73.05713,75.413956
Indonesia,IDN,2017,79.14085,81.61842
Indonesia,IDN,2018,81.46456,84.43717
Indonesia,IDN,2019,80.23319,89.511795
Indonesia,IDN,2020,88.21617,93.92493
Indonesia,IDN,2021,82.817154,96.08465
Indonesia,IDN,2022,80.664215,95.68223
Indonesia,IDN,2023,75.66863,94.04726
Japan,JPN,2013,96.91878,102.31345
Japan,JPN,2014,96.55306,101.92112
Japan,JPN,2015,97.16562,102.75424
Japan,JPN,2016,95.49777,100.5997
Japan,JPN,2017,96.51331,101.60395
Japan,JPN,2018,97.00919,102.05784
Japan,JPN,2019,98.12362,103.10992
Japan,JPN,2020,98.57129,103.45991
Japan,JPN,2021,98.41908,103.33708
Japan,JPN,2022,97.95626,102.85616
Kenya,KEN,2000,55.73597,25.57828
Kenya,KEN,2001,,26.86602
Kenya,KEN,2002,57.3276,26.11011
Kenya,KEN,2003,57.55373,27.146
Kenya,KEN,2004,61.81538,28.6058
Kenya,KEN,2005,62.05592,27.57434
Kenya,KEN,2006,61.24256,30.22169
Kenya,KEN,2007,52.64753,34.17791
Kenya,KEN,2008,67.93891,39.60602
Kenya,KEN,2009,69.06626,42.16613
Mexico,MEX,2000,45.15169,46.22097
Mexico,MEX,2001,,47.01884
Mexico,MEX,2002,48.66702,49.35225
Mexico,MEX,2003,50.34096,51.7552
Mexico,MEX,2004,51.78483,53.75561
Mexico,MEX,2005,54.39508,55.13162
Mexico,MEX,2006,54.39733,56.60653
Mexico,MEX,2007,56.04,57.51796
Mexico,MEX,2008,56.93854,58.34814
Mexico,MEX,2009,57.23004,59.25101
Mexico,MEX,2010,58.69412,60.80442
Mexico,MEX,2011,58.54208,62.57085
Mexico,MEX,2012,60.71119,64.71537
Mexico,MEX,2013,65.36322,66.48273
Mexico,MEX,2014,67.48402,70.24434
Mexico,MEX,2015,70.05745,72.36583
Mexico,MEX,2016,72.47976,75.03815
Mexico,MEX,2017,74.13939,82.5504
Mexico,MEX,2018,74.52499,84.84476
Mexico,MEX,2019,74.25239,84.24601
Mexico,MEX,2020,72.57681,83.15982
Mexico,MEX,2021,70.29802,80.20819
Mexico,MEX,2022,68.93584,78.40046
New Zealand,NZL,2000,,126.5868
New Zealand,NZL,2001,,127.17831
New Zealand,NZL,2002,,132.97388
New Zealand,NZL,2003,,136.56389
New Zealand,NZL,2004,,131.50958
New Zealand,NZL,2005,,141.77762
New Zealand,NZL,2006,,137.43832
New Zealand,NZL,2007,,140.54778
New Zealand,NZL,2008,,136.58276
New Zealand,NZL,2009,,154.70258
New Zealand,NZL,2010,,139.89206
New Zealand,NZL,2011,,139.20793
New Zealand,NZL,2012,,136.8904
New Zealand,NZL,2013,,134.13428
New Zealand,NZL,2014,,134.5389
New Zealand,NZL,2015,,131.13156
New Zealand,NZL,2016,,127.92473
New Zealand,NZL,2017,,126.17802
New Zealand,NZL,2018,,125.28122
New Zealand,NZL,2019,95.12898,143.95938
New Zealand,NZL,2020,95.16996,136.74593
New Zealand,NZL,2021,94.6632,139.30684
New Zealand,NZL,2022,92.56473,133.4244
New Zealand,NZL,2023,93.23298,129.24223
Nigeria,NGA,2000,,21.96061
Nigeria,NGA,2001,,23.88958
Nigeria,NGA,2002,,25.37204
Nigeria,NGA,2004,,31.31793
Nigeria,NGA,2005,,30.60987
Nigeria,NGA,2006,,29.10124
Nigeria,NGA,2007,,26.64722
Nigeria,NGA,2008,,30.29865
Nigeria,NGA,2009,,33.88632
Nigeria,NGA,2010,,39.31763
Nigeria,NGA,2011,,42.12582
Nigeria,NGA,2012,,45.13638
Nigeria,NGA,2013,,56.56984
Nigeria,NGA,2014,,37.17953
Nigeria,NGA,2015,,41.49986
Nigeria,NGA,2016,,36.29911
Nigeria,NGA,2018,,34.04843
Nigeria,NGA,2020,,40.46074
Nigeria,NGA,2021,,41.41552
Peru,PER,2000,71.97882,65.98149
Peru,PER,2001,76.63023,69.70858
Peru,PER,2002,75.22777,72.83425
Peru,PER,2003,,68.76387
Peru,PER,2004,73.89729,71.1141
Peru,PER,2005,70.31609,70.33687
Peru,PER,2006,70.47105,70.12009
Peru,PER,2007,75.60535,73.81877
Peru,PER,2008,78.51673,75.40978
Peru,PER,2009,81.88796,78.90427
Peru,PER,2010,83.81067,80.15493
Peru,PER,2011,86.9195,82.13035
Peru,PER,2012,,79.26211
Peru,PER,2013,,83.93483
Peru,PER,2014,,92.39154
Peru,PER,2015,,93.73203
Peru,PER,2016,80.72077,94.98343
Peru,PER,2017,77.06862,93.48636
Peru,PER,2018,76.65373,93.64966
Peru,PER,2019,82.16526,95.14653
Peru,PER,2020,85.94425,98.16002
Peru,PER,2021,86.78052,98.31576
Peru,PER,2022,86.53367,98.11666
Peru,PER,2023,90.62861,97.79663
South Africa,ZAF,2000,65.14791,69.24742
South Africa,ZAF,2001,62.53879,67.31707
South Africa,ZAF,2002,65.41361,66.96501
South Africa,ZAF,2003,65.85198,72.56764
South Africa,ZAF,2004,65.85573,75.06022
South Africa,ZAF,2005,66.90436,75.69164
South Africa,ZAF,2006,,80.26326
South Africa,ZAF,2007,,85.69708
South Africa,ZAF,2008,,84.37215
South Africa,ZAF,2009,,83.47575
South Africa,ZAF,2010,,81.16988
South Africa,ZAF,2011,,83.64322
South Africa,ZAF,2012,,86.58278
South Africa,ZAF,2015,82.12544,104.8607
South Africa,ZAF,2016,,104.0624
South Africa,ZAF,2017,82.55188,105.22098
South Africa,ZAF,2018,78.68441,99.09966
South Africa,ZAF,2019,79.12469,102.61131
South Africa,ZAF,2020,82.75145,101.87215
South Africa,ZAF,2021,85.96452,108.25013
South Africa,ZAF,2022,,106.0811
Sweden,SWE,2000,90.9858,193.0455
Sweden,SWE,2001,90.20178,187.99309
Sweden,SWE,2002,95.56142,180.16252
Sweden,SWE,2003,96.33082,164.8436
Sweden,SWE,2004,96.1288,101.23495
Sweden,SWE,2005,96.59734,101.49672
Sweden,SWE,2006,96.5689,101.29553
Sweden,SWE,2007,96.61952,100.75861
Sweden,SWE,2008,97.52135,101.07105
Sweden,SWE,2009,97.00615,101.06333
Sweden,SWE,2010,97.39404,102.13935
Sweden,SWE,2011,97.60388,102.51348
Sweden,SWE,2012,97.37621,104.37047
Sweden,SWE,2013,98.04582,152.67696
Sweden,SWE,2014,97.70042,156.136
Sweden,SWE,2015,97.80498,163.50249
Sweden,SWE,2016,98.62161,163.26018
Sweden,SWE,2017,95.53238,172.48811
Sweden,SWE,2018,96.96332,169.66916
Sweden,SWE,2019,97.67851,163.01086
Sweden,SWE,2020,97.04603,162.03302
Sweden,SWE,2021,97.48308,166.56352
Sweden,SWE,2022,97.36664,168.5328
Sweden,SWE,2023,97.18153,159.05753
United Kingdom,GBR,2000,89.98906,102.76779
United Kingdom,GBR,2001,90.35852,102.44645
United Kingdom,GBR,2002,92.76988,104.706
United Kingdom,GBR,2003,93.00578,104.07998
United Kingdom,GBR,2004,96.18469,109.77524
United Kingdom,GBR,2005,95.51555,109.35054
United Kingdom,GBR,2006,90.74062,97.5779
United Kingdom,GBR,2007,90.6575,97.63354
United Kingdom,GBR,2008,91.33896,96.11427
United Kingdom,GBR,2009,92.69331,96.08368
United Kingdom,GBR,2010,94.72816,99.09718
United Kingdom,GBR,2011,92.0281,84.90959
United Kingdom,GBR,2012,91.71662,84.70745
United Kingdom,GBR,2013,95.59389,135.58849
United Kingdom,GBR,2014,99.12034,139.73875
United Kingdom,GBR,2015,99.28467,136.80933
United Kingdom,GBR,2016,,149.8159
United Kingdom,GBR,2017,98.04858,130.65211
United Kingdom,GBR,2018,96.19128,123.2392
United Kingdom,GBR,2019,95.47213,118.60518
United Kingdom,GBR,2020,94.89108,115.44561
United Kingdom,GBR,2021,95.38641,114.96034
United Kingdom,GBR,2022,95.23067,113.36724
United States,USA,2005,91.43646,89.09657
United States,USA,2013,92.08272,92.80168
United States,USA,2014,93.20093,93.99472
United States,USA,2015,93.92387,94.74373
United States,USA,2016,95.27139,95.66578
United States,USA,2017,95.21186,95.66992
United States,USA,2018,96.40283,96.52755
United States,USA,2019,96.24925,97.76347
United States,USA,2020,97.02672,98.06986
United States,USA,2021,98.82068,99.28572
United States,USA,2022,94.93369,95.30589