country,country_code,year,net_enrollment,gross_enrollment
Argentina,ARG,2000,99.4582,116.5583
Argentina,ARG,2001,99.41306,116.74934
Argentina,ARG,2002,99.42078,116.87798
Argentina,ARG,2003,99.49409,114.37532
Argentina,ARG,2004,99.87597,115.44609
Argentina,ARG,2005,99.71793,114.58078
Argentina,ARG,2006,99.56158,116.18785
Argentina,ARG,2007,99.44469,117.23631
Argentina,ARG,2008,99.51839,118.32013
Argentina,ARG,2009,99.5429,118.29331
Argentina,ARG,2010,99.94892,118.1282
Argentina,ARG,2011,99.89538,117.37283
Argentina,ARG,2012,99.86563,116.43644
Argentina,ARG,2013,99.62847,114.42135
Argentina,ARG,2014,99.22837,113.87352
Argentina,ARG,2015,99.12778,112.93665
Argentina,ARG,2016,99.4858,111.65465
Argentina,ARG,2017,99.41827,109.87967
Argentina,ARG,2018,99.35985,109.30546
Argentina,ARG,2019,99.38001,109.33822
Argentina,ARG,2020,99.16859,108.50462
Argentina,ARG,2021,99.20595,108.13962
Argentina,ARG,2022,99.25256,106.75983
Australia,AUS,2000,95.29357,101.58354
Australia,AUS,2001,99.52428,101.43941
Australia,AUS,2002,99.66872,102.53451
Australia,AUS,2003,98.6157,102.85476
Australia,AUS,2004,98.88045,103.30206
Australia,AUS,2005,99.42737,103.39791
Australia,AUS,2006,99.51804,103.56256
Australia,AUS,2007,99.73846,105.42298
Australia,AUS,2008,99.70258,105.24463
Australia,AUS,2009,99.6954,105.21563
Australia,AUS,2010,99.6765,105.4885
Australia,AUS,2011,97.29431,105.27488
Australia,AUS,2012,97.69554,105.66972
Australia,AUS,2013,99.95173,105.80258
Australia,AUS,2014,99.92804,105.4616
Australia,AUS,2015,99.97187,101.66549
Australia,AUS,2016,99.99222,101.18069
Australia,AUS,2017,99.94221,100.63766
Australia,AUS,2018,99.80835,100.39871
Australia,AUS,2019,99.78596,100.1997
Australia,AUS,2020,99.41915,99.90111
Australia,AUS,2021,99.63219,99.92915
Australia,AUS,2022,99.70359,99.13299
Australia,AUS,2023,99.79255,99.36575
Brazil,BRA,2012,94.17987,104.78223
Brazil,BRA,2013,96.05027,109.94514
Brazil,BRA,2014,96.01767,110.31646
Brazil,BRA,2015,95.58756,109.15218
Brazil,BRA,2016,95.74343,108.75784
Brazil,BRA,2017,95.77665,109.80851
Brazil,BRA,2018,95.1718,108.62329
Brazil,BRA,2019,95.80667,107.40747
Brazil,BRA,2020,95.47928,105.4982
Brazil,BRA,2021,94.77044,103.47168
Brazil,BRA,2022,96.01554,103.97032
Canada,CAN,2000,99.41246,99.41776
Canada,CAN,2004,,99.44074
Canada,CAN,2005,,98.59806
Canada,CAN,2006,,99.76953
Canada,CAN,2007,,99.54148
Canada,CAN,2008,,98.60809
Canada,CAN,2009,,99.60734
Canada,CAN,2010,,99.13437
Canada,CAN,2011,,98.5626
Canada,CAN,2012,99.49084,99.49075
Canada,CAN,2013,99.38664,99.38678
Canada,CAN,2014,99.52529,99.52529
Canada,CAN,2015,99.70666,99.86026
Canada,CAN,2016,98.55004,98.55004
Canada,CAN,2017,98.63224,98.63224
Canada,CAN,2018,98.66176,98.66178
Canada,CAN,2019,97.18755,97.18755
Canada,CAN,2020,96.90897,96.90897
Canada,CAN,2021,95.22962,95.22962
Canada,CAN,2022,94.74498,94.74498
China,CHN,2001,,115.7301
China,CHN,2006,,105.24381
China,CHN,2007,,105.43895
China,CHN,2008,,106.20178
China,CHN,2009,,105.59065
China,CHN,2010,,104.1817
China,CHN,2011,,103.32957
China,CHN,2012,,103.18112
China,CHN,2013,,102.94296
China,CHN,2014,,98.17908
China,CHN,2015,,97.52328
China,CHN,2016,,97.82342
China,CHN,2017,,98.35435
China,CHN,2018,,98.53986
China,CHN,2019,,98.50912
China,CHN,2020,,99.18029
China,CHN,2021,,99.46509
China,CHN,2022,,100.09919
China,CHN,2023,,99.17568
Egypt,EGY,2000,84.41799,89.09843
Egypt,EGY,2001,84.58223,88.59338
Egypt,EGY,2002,85.05379,88.99305
Egypt,EGY,2003,85.74419,89.30095
Egypt,EGY,2004,86.28738,89.38018
Egypt,EGY,2005,86.11431,89.01116
Egypt,EGY,2006,83.16032,90.01284
Egypt,EGY,2007,86.828,90.52415
Egypt,EGY,2009,86.29317,91.20965
Egypt,EGY,2010,86.92724,90.96591
Egypt,EGY,2011,84.78285,87.46974
Egypt,EGY,2012,86.88541,91.86016
Egypt,EGY,2013,,91.58197
Egypt,EGY,2014,86.62223,89.98302
Egypt,EGY,2016,89.37058,91.00216
Egypt,EGY,2017,90.48383,91.58283
Egypt,EGY,2018,91.89436,92.69091
Egypt,EGY,2019,93.89864,94.25009
Egypt,EGY,2020,95.51618,95.6433
Egypt,EGY,2021,96.8006,97.00106
Egypt,EGY,2022,,89.51009
Egypt,EGY,2023,95.58709,95.92171
France,FRA,2000,96.45129,100.42826
France,FRA,2001,96.36583,100.38221
France,FRA,2002,96.29955,100.2493
France,FRA,2003,96.0672,99.97545
France,FRA,2004,96.07182,99.81118
France,FRA,2005,99.91549,104.63649
France,FRA,2006,99.97076,104.27885
France,FRA,2007,99.86826,103.85978
France,FRA,2008,99.49644,103.62215
France,FRA,2009,99.10649,103.04114
France,FRA,2010,98.73195,102.76151
France,FRA,2011,99.75818,102.6911
France,FRA,2012,99.63011,102.52316
France,FRA,2013,99.42077,102.27644
France,FRA,2014,98.63812,101.28035
France,FRA,2015,99.48502,101.98964
France,FRA,2016,99.8328,102.26043
France,FRA,2017,99.9416,102.41722
France,FRA,2018,99.98528,102.46441
France,FRA,2019,99.88367,102.44765
France,FRA,2020,99.98157,102.65163
France,FRA,2021,99.92955,102.58041
France,FRA,2022,99.98531,102.72058
Germany,DEU,2000,99.91031,105.39204
Germany,DEU,2001,99.50947,106.65067
Germany,DEU,2002,97.72389,104.92115
Germany,DEU,2003,97.87115,103.66805
Germany,DEU,2004,98.017,103.64272
Germany,DEU,2005,98.27622,103.44062
Germany,DEU,2006,98.07706,104.26264
Germany,DEU,2007,98.38228,104.7935
Germany,DEU,2008,98.48182,105.10398
Germany,DEU,2009,98.40211,104.81651
Germany,DEU,2010,98.91901,104.33759
Germany,DEU,2011,99.40421,104.41572
Germany,DEU,2012,99.10911,104.14055
Germany,DEU,2013,99.08798,103.63867
Germany,DEU,2014,98.76896,102.62182
Germany,DEU,2015,99.14229,102.70246
Germany,DEU,2016,98.25374,101.40607
Germany,DEU,2017,98.92037,101.73871
Germany,DEU,2018,99.12909,102.64538
Germany,DEU,2019,99.04353,102.54747
Germany,DEU,2020,98.81345,101.99666
Germany,DEU,2021,98.53723,101.34655
Germany,DEU,2022,98.0853,100.21813
Germany,DEU,2023,97.39326,99.26583
India,IND,2002,86.55508,98.06573
India,IND,2003,91.51234,106.22323
India,IND,2007,99.08091,114.11432
India,IND,2008,99.60651,114.62656
India,IND,2009,98.68004,113.05168
India,IND,2010,99.1392,112.52795
India,IND,2011,98.68179,111.67792
India,IND,2012,98.7675,111.77557
India,IND,2013,99.57461,113.41678
India,IND,2014,,111.58454
India,IND,2015,,112.93784
India,IND,2016,95.893196,119.51283
India,IND,2017,93.96922,117.86817
India,IND,2018,93.62149,101.09795
India,IND,2019,92.62713,99.50392
India,IND,2020,95.94415,101.29125
India,IND,2021,97.68724,102.316124
India,IND,2022,99.8472,111.08446
India,IND,2023,98.53031,112.031235
India,IND,2024,99.8957,120.52037
Indonesia,IDN,2000,,108.99359
Indonesia,IDN,2001,95.87147,109.43041
Indonesia,IDN,2002,95.62703,110.1169
Indonesia,IDN,2003,95.51511,110.17666
Indonesia,IDN,2004,94.84514,109.67884
Indonesia,IDN,2005,94.16873,109.01709
Indonesia,IDN,2006,95.84909,107.67254
Indonesia,IDN,2007,97.94667,110.42172
Indonesia,IDN,2008,97.43942,109.33368
Indonesia,IDN,2009,99.01668,110.99229
Indonesia,IDN,2010,99.60926,113.01077
Indonesia,IDN,2011,98.1793,114.684135
Indonesia,IDN,2012,99.76382,115.20107
Indonesia,IDN,2013,98.17839,111.65667
Indonesia,IDN,2014,96.46786,109.65961
Indonesia,IDN,2015,,107.98352
Indonesia,IDN,2016,93.93545,105.92239
Indonesia,IDN,2017,93.60859,104.38252
Indonesia,IDN,2018,92.29991,103.299545
Indonesia,IDN,2019,98.277824,101.26469
Indonesia,IDN,2020,97.3215,100.951935
Indonesia,IDN,2021,98.55845,100.30966
Indonesia,IDN,2022,98.7742,98.700874
Indonesia,IDN,2023,99.27295,98.15663
Japan,JPN,2013,99.96858,102.25589
Japan,JPN,2014,99.89763,102.41528
Japan,JPN,2015,99.85501,102.41911
Japan,JPN,2016,99.90535,102.21691
Japan,JPN,2017,99.9498,102.25483
Japan,JPN,2018,99.9075,102.09991
Japan,JPN,2019,99.91429,102.65228
Japan,JPN,2020,99.86585,102.73683
Japan,JPN,2021,99.96979,102.21832
Japan,JPN,2022,99.90328,102.15871
Kenya,KEN,2000,65.04513,94.25724
Kenya,KEN,2001,72.82643,95.15092
Kenya,KEN,2002,70.61882,89.24919
Kenya,KEN,2003,85.02557,103.90389
Kenya,KEN,2004,84.09535,103.72943
Kenya,KEN,2005,85.31179,103.62956
Kenya,KEN,2006,84.83023,101.20199
Kenya,KEN,2007,94.98711,107.58271
Kenya,KEN,2008,90.61918,107.07647
Kenya,KEN,2009,92.36706,107.94574
Kenya,KEN,2012,82.71817,111.42223
Kenya,KEN,2014,,107.14122
Kenya,KEN,2015,,104.78009
Kenya,KEN,2016,,104.11485
Kenya,KEN,2019,,77.51322
Mexico,MEX,2000,99.94003,109.1183
Mexico,MEX,2001,99.82893,109.02801
Mexico,MEX,2002,99.74907,109.22003
Mexico,MEX,2003,99.7281,109.26415
Mexico,MEX,2004,99.70392,108.83455
Mexico,MEX,2005,99.78544,108.53404
Mexico,MEX,2006,99.81031,108.12927
Mexico,MEX,2007,99.84111,108.72686
Mexico,MEX,2008,99.90384,109.44638
Mexico,MEX,2009,99.87587,110.7222
Mexico,MEX,2010,99.83745,110.99522
Mexico,MEX,2011,99.79287,111.05886
Mexico,MEX,2012,99.7664,111.07352
Mexico,MEX,2013,99.73033,110.10927
Mexico,MEX,2014,99.68515,108.57314
Mexico,MEX,2015,99.68364,106.96343
Mexico,MEX,2016,99.68734,106.39122
Mexico,MEX,2017,99.66621,105.79761
Mexico,MEX,2018,99.74401,105.18816
Mexico,MEX,2019,99.68294,105.09504
Mexico,MEX,2020,99.70906,104.51773
Mexico,MEX,2021,99.66673,103.35881
Mexico,MEX,2022,99.65808,102.00478
New Zealand,NZL,2000,,98.77342
New Zealand,NZL,2001,,99.18317
New Zealand,NZL,2002,,99.50615
New Zealand,NZL,2003,,99.95289
New Zealand,NZL,2004,,99.66746
New Zealand,NZL,2005,,99.82883
New Zealand,NZL,2006,,99.59685
New Zealand,NZL,2007,,99.46149
New Zealand,NZL,2008,,99.32671
New Zealand,NZL,2009,,99.06371
New Zealand,NZL,2010,,99.03154
New Zealand,NZL,2011,,99.07273
New Zealand,NZL,2012,,98.88314
New Zealand,NZL,2013,99.36636,98.87629
New Zealand,NZL,2014,99.07465,98.65144
New Zealand,NZL,2015,98.82654,98.53814
New Zealand,NZL,2016,98.80386,98.58375
New Zealand,NZL,2017,98.73956,98.48044
New Zealand,NZL,2018,98.71407,98.55297
New Zealand,NZL,2019,99.02479,98.2542
New Zealand,NZL,2020,98.70742,97.53653
New Zealand,NZL,2021,98.64998,97.91695
New Zealand,NZL,2022,97.452,96.55725
New Zealand,NZL,2023,97.69819,96.86705
Nigeria,NGA,2000,64.04783,95.51016
Nigeria,NGA,2001,,92.5249
Nigeria,NGA,2002,,93.69762
Nigeria,NGA,2003,,94.80959
Nigeria,NGA,2004,64.62076,95.78091
Nigeria,NGA,2005,64.95429,96.30635
Nigeria,NGA,2006,65.15583,96.66244
Nigeria,NGA,2007,67.6432,88.06885
Nigeria,NGA,2008,61.13866,79.26875
Nigeria,NGA,2009,62.06206,80.30917
Nigeria,NGA,2010,61.88384,79.83004
Nigeria,NGA,2011,,84.68056
Nigeria,NGA,2012,,85.91259
Nigeria,NGA,2013,,87.83497
Nigeria,NGA,2014,,84.12166
Nigeria,NGA,2015,,80.59753
Nigeria,NGA,2016,,78.87805
Nigeria,NGA,2017,,73.668846
Nigeria,NGA,2018,,81.62785
Nigeria,NGA,2019,,80.33961
Nigeria,NGA,2020,,84.37158
Nigeria,NGA,2021,,83.80926
Peru,PER,2000,98.45933,116.37729
Peru,PER,2001,99.04974,116.05117
Peru,PER,2002,99.56171,115.81926
Peru,PER,2003,98.07641,114.65722
Peru,PER,2004,99.68601,114.19228
Peru,PER,2005,99.54492,114.13503
Peru,PER,2006,99.29465,114.31338
Peru,PER,2007,99.18435,114.93286
Peru,PER,2008,99.185,112.58444
Peru,PER,2009,99.1951,112.00822
Peru,PER,2010,99.3736,112.18659
Peru,PER,2011,99.22606,109.57214
Peru,PER,2012,,103.61678
Peru,PER,2013,,105.15219
Peru,PER,2014,,102.94986
Peru,PER,2015,,102.78798
Peru,PER,2016,99.92243,104.08795
Peru,PER,2017,99.95499,102.80749
Peru,PER,2018,99.8165,104.41258
Peru,PER,2019,99.84352,108.46997
Peru,PER,2020,99.68142,113.06583
Peru,PER,2021,99.8645,113.82921
Peru,PER,2022,99.70938,114.34932
Peru,PER,2023,99.73153,113.90059
South Africa,ZAF,2000,82.21232,92.5674
South Africa,ZAF,2001,83.31168,93.35585
South Africa,ZAF,2002,84.86384,95.73938
South Africa,ZAF,2003,85.97647,96.92869
South Africa,ZAF,2004,86.67905,97.81682
South Africa,ZAF,2005,86.98219,97.53268
South Africa,ZAF,2006,,98.62355
South Africa,ZAF,2007,,101.15516
South Africa,ZAF,2008,,102.36882
South Africa,ZAF,2009,,102.59871
South Africa,ZAF,2010,,103.43977
South Africa,ZAF,2011,,103.93663
South Africa,ZAF,2012,,104.70721
South Africa,ZAF,2013,,104.09109
South Africa,ZAF,2014,,104.19802
South Africa,ZAF,2015,95.08696,107.31212
South Africa,ZAF,2016,,104.25069
South Africa,ZAF,2017,93.724,102.25537
South Africa,ZAF,2018,90.69479,100.42431
South Africa,ZAF,2019,91.70322,101.12046
South Africa,ZAF,2020,91.85063,101.30034
South Africa,ZAF,2021,96.18744,101.74138
South Africa,ZAF,2022,94.21151,102.40239
Sweden,SWE,2000,99.72985,106.77449
Sweden,SWE,2001,99.5901,106.82676
Sweden,SWE,2002,99.65829,107.1471
Sweden,SWE,2003,99.65837,107.76238
Sweden,SWE,2004,99.62543,100.14324
Sweden,SWE,2005,99.64692,100.28267
Sweden,SWE,2006,99.70051,100.30419
Sweden,SWE,2007,99.68562,100.05543
Sweden,SWE,2008,99.70642,100.13769
Sweden,SWE,2009,99.55915,99.48524
Sweden,SWE,2010,99.19135,99.16347
Sweden,SWE,2011,97.64649,97.78594
Sweden,SWE,2012,99.45785,99.55372
Sweden,SWE,2013,99.12246,118.13544
Sweden,SWE,2014,98.71754,118.02987
Sweden,SWE,2015,99.19862,119.62419
Sweden,SWE,2016,99.59467,121.4488
Sweden,SWE,2017,99.84316,122.89606
Sweden,SWE,2018,99.53254,123.75466
Sweden,SWE,2019,99.24224,120.5968
Sweden,SWE,2020,99.31613,119.50011
Sweden,SWE,2021,99.49228,117.34763
Sweden,SWE,2022,99.43309,116.42539
Sweden,SWE,2023,99.57429,115.01952
United Kingdom,GBR,2000,99.9482,100.59176
United Kingdom,GBR,2001,99.95199,100.93594
United Kingdom,GBR,2002,99.97392,100.69219
United Kingdom,GBR,2003,99.95772,100.59812
United Kingdom,GBR,2004,99.41292,105.93807
United Kingdom,GBR,2005,99.92042,105.80471
United Kingdom,GBR,2006,98.96228,104.35407
United Kingdom,GBR,2007,97.63724,103.10492
United Kingdom,GBR,2008,99.61239,105.74194
United Kingdom,GBR,2009,99.24986,105.42124
United Kingdom,GBR,2010,99.4417,105.67324
United Kingdom,GBR,2011,98.90051,105.02626
United Kingdom,GBR,2012,98.07887,105.79597
United Kingdom,GBR,2013,98.07198,105.33697
United Kingdom,GBR,2014,98.31999,99.99674
United Kingdom,GBR,2015,98.53673,100.20404
United Kingdom,GBR,2016,98.71429,100.38157
United Kingdom,GBR,2017,99.20199,100.78107
United Kingdom,GBR,2018,99.66298,101.32706
United Kingdom,GBR,2019,99.95036,101.90943
United Kingdom,GBR,2020,99.97742,102.22396
United Kingdom,GBR,2021,99.9623,102.19442
United Kingdom,GBR,2022,99.91172,102.53523
United States,USA,2005,99.43481,101.87402
United States,USA,2013,97.10193,99.45544
United States,USA,2014,97.97434,99.67338
United States,USA,2015,98.19414,100.29991
United States,USA,2016,99.64003,101.36286
United States,USA,2017,99.57562,101.82144
United States,USA,2018,99.42579,101.25656
United States,USA,2019,99.08343,100.9813
United States,USA,2020,97.99492,100.30579
United States,USA,2021,95.90488,98.30549
United States,USA,2022,96.01779,96.97173
