Entity,Code,Year,Fossil fuels
Argentina,ARG,2000,60.463024
Argentina,ARG,2001,51.131573
Argentina,ARG,2002,50.11231
Argentina,ARG,2003,54.024113
Argentina,ARG,2004,60.831837
Argentina,ARG,2005,60.208035
Argentina,ARG,2006,58.68818
Argentina,ARG,2007,65.11628
Argentina,ARG,2008,67.32015
Argentina,ARG,2009,64.00425
Argentina,ARG,2010,66.68253
Argentina,ARG,2011,69.87412
Argentina,ARG,2012,72.51139
Argentina,ARG,2013,70.61313
Argentina,ARG,2014,71.091385
Argentina,ARG,2015,71.4826
Argentina,ARG,2016,72.97867
Argentina,ARG,2017,72.68731
Argentina,ARG,2018,71.32443
Argentina,ARG,2019,69.02458
Argentina,ARG,2020,67.76134
Argentina,ARG,2021,69.17402
Argentina,ARG,2022,65.84026
Argentina,ARG,2023,59.201668
Argentina,ARG,2024,58.763363
Argentina,ARG,2025,58.393734
Australia,AUS,2000,91.91071
Australia,AUS,2001,92.30358
Australia,AUS,2002,91.968315
Australia,AUS,2003,91.74153
Australia,AUS,2004,91.545616
Australia,AUS,2005,91.020195
Australia,AUS,2006,91.11727
Australia,AUS,2007,91.65672
Australia,AUS,2008,92.208
Australia,AUS,2009,91.93278
Australia,AUS,2010,91.17026
Australia,AUS,2011,88.05603
Australia,AUS,2012,87.92388
Australia,AUS,2013,85.76294
Australia,AUS,2014,86.77165
Australia,AUS,2015,85.90495
Australia,AUS,2016,83.83611
Australia,AUS,2017,84.866974
Australia,AUS,2018,81.156
Australia,AUS,2019,79.21775
Australia,AUS,2020,75.75712
Australia,AUS,2021,71.10861
Australia,AUS,2022,67.9613
Australia,AUS,2023,65.18985
Australia,AUS,2024,64.9233
Australia,AUS,2025,61.381573
Brazil,BRA,2000,8.775399
Brazil,BRA,2001,11.365089
Brazil,BRA,2002,10.256855
Brazil,BRA,2003,9.168747
Brazil,BRA,2004,10.968025
Brazil,BRA,2005,10.427468
Brazil,BRA,2006,9.967815
Brazil,BRA,2007,8.999214
Brazil,BRA,2008,12.6689415
Brazil,BRA,2009,8.172983
Brazil,BRA,2010,12.382707
Brazil,BRA,2011,9.861591
Brazil,BRA,2012,14.533937
Brazil,BRA,2013,20.46844
Brazil,BRA,2014,24.1165
Brazil,BRA,2015,23.257975
Brazil,BRA,2016,16.792482
Brazil,BRA,2017,18.081856
Brazil,BRA,2018,15.036831
Brazil,BRA,2019,16.067453
Brazil,BRA,2020,14.598575
Brazil,BRA,2021,20.388483
Brazil,BRA,2022,10.14679
Brazil,BRA,2023,8.957521
Brazil,BRA,2024,10.550878
Brazil,BRA,2025,11.284026
Canada,CAN,2000,27.420424
Canada,CAN,2001,28.933577
Canada,CAN,2002,27.516296
Canada,CAN,2003,28.495419
Canada,CAN,2004,26.664995
Canada,CAN,2005,25.203867
Canada,CAN,2006,24.132605
Canada,CAN,2007,25.498669
Canada,CAN,2008,23.690386
Canada,CAN,2009,22.811018
Canada,CAN,2010,24.105892
Canada,CAN,2011,23.287949
Canada,CAN,2012,21.832092
Canada,CAN,2013,20.968752
Canada,CAN,2014,21.316448
Canada,CAN,2015,20.865856
Canada,CAN,2016,20.337864
Canada,CAN,2017,19.151417
Canada,CAN,2018,19.325468
Canada,CAN,2019,19.292358
Canada,CAN,2020,18.538168
Canada,CAN,2021,19.164621
Canada,CAN,2022,18.820023
Canada,CAN,2023,20.815727
Canada,CAN,2024,22.305626
Canada,CAN,2025,23.022808
China,CHN,2000,82.126
China,CHN,2001,79.8621
China,CHN,2002,80.86227
China,CHN,2003,82.695305
China,CHN,2004,81.486946
China,CHN,2005,81.70351
China,CHN,2006,82.49794
China,CHN,2007,82.8483
China,CHN,2008,79.018295
China,CHN,2009,80.2285
China,CHN,2010,79.532036
China,CHN,2011,81.33723
China,CHN,2012,77.98754
China,CHN,2013,77.81752
China,CHN,2014,75.45151
China,CHN,2015,73.08421
China,CHN,2016,71.695335
China,CHN,2017,71.00193
China,CHN,2018,70.27144
China,CHN,2019,68.503204
China,CHN,2020,67.20418
China,CHN,2021,66.53137
China,CHN,2022,65.09728
China,CHN,2023,64.79714
China,CHN,2024,61.83478
China,CHN,2025,58.348953
Egypt,EGY,2000,80.55101
Egypt,EGY,2001,81.922935
Egypt,EGY,2002,83.53241
Egypt,EGY,2003,85.6492
Egypt,EGY,2004,86.43257
Egypt,EGY,2005,87.46903
Egypt,EGY,2006,88.00823
Egypt,EGY,2007,87.58552
Egypt,EGY,2008,87.554344
Egypt,EGY,2009,88.969986
Egypt,EGY,2010,90.0367
Egypt,EGY,2011,90.1578
Egypt,EGY,2012,90.86834
Egypt,EGY,2013,91.00436
Egypt,EGY,2014,91.380516
Egypt,EGY,2015,91.415054
Egypt,EGY,2016,91.58829
Egypt,EGY,2017,91.97764
Egypt,EGY,2018,91.74482
Egypt,EGY,2019,90.232834
Egypt,EGY,2020,88.03625
Egypt,EGY,2021,87.90423
Egypt,EGY,2022,88.18291
Egypt,EGY,2023,88.297585
Egypt,EGY,2024,88.80324
Egypt,EGY,2025,86.98465
France,FRA,2000,9.307872
France,FRA,2001,8.372651
France,FRA,2002,9.395182
France,FRA,2003,10.121081
France,FRA,2004,9.825181
France,FRA,2005,11.004322
France,FRA,2006,9.906575
France,FRA,2007,10.289406
France,FRA,2008,9.735794
France,FRA,2009,9.63942
France,FRA,2010,10.164308
France,FRA,2011,10.4360075
France,FRA,2012,10.028542
France,FRA,2013,9.30039
France,FRA,2014,6.3216257
France,FRA,2015,7.8151665
France,FRA,2016,10.13528
France,FRA,2017,11.780689
France,FRA,2018,8.581494
France,FRA,2019,9.479771
France,FRA,2020,9.17781
France,FRA,2021,8.876815
France,FRA,2022,12.882911
France,FRA,2023,7.915181
France,FRA,2024,5.1016407
France,FRA,2025,5.149304
Germany,DEU,2000,63.965195
Germany,DEU,2001,63.86845
Germany,DEU,2002,64.14108
Germany,DEU,2003,64.83065
Germany,DEU,2004,63.083992
Germany,DEU,2005,63.07431
Germany,DEU,2006,61.943825
Germany,DEU,2007,63.56045
Germany,DEU,2008,61.590412
Germany,DEU,2009,60.70991
Germany,DEU,2010,60.59499
Germany,DEU,2011,61.586777
Germany,DEU,2012,60.817028
Germany,DEU,2013,60.41862
Germany,DEU,2014,58.131718
Germany,DEU,2015,56.20414
Germany,DEU,2016,57.32635
Germany,DEU,2017,54.690746
Germany,DEU,2018,52.721893
Germany,DEU,2019,47.301235
Germany,DEU,2020,44.266434
Germany,DEU,2021,47.88971
Germany,DEU,2022,49.504303
Germany,DEU,2023,43.890114
Germany,DEU,2024,41.35769
Germany,DEU,2025,40.907547
India,IND,2000,83.191864
India,IND,2001,83.77724
India,IND,2002,84.8878
India,IND,2003,85.462204
India,IND,2004,81.318016
India,IND,2005,82.229034
India,IND,2006,80.49649
India,IND,2007,79.95881
India,IND,2008,81.39328
India,IND,2009,82.92
India,IND,2010,82.42079
India,IND,2011,80.22319
India,IND,2012,82.086876
India,IND,2013,81.04677
India,IND,2014,81.47344
India,IND,2015,82.45177
India,IND,2016,82.84502
India,IND,2017,81.99044
India,IND,2018,81.22165
India,IND,2019,79.56252
India,IND,2020,78.13973
India,IND,2021,78.59262
India,IND,2022,77.25048
India,IND,2023,78.200554
India,IND,2024,77.50624
India,IND,2025,73.34695
Indonesia,IDN,2000,80.00816
Indonesia,IDN,2001,79.09759
Indonesia,IDN,2002,81.42251
Indonesia,IDN,2003,83.11611
Indonesia,IDN,2004,83.19442
Indonesia,IDN,2005,82.9483
Indonesia,IDN,2006,84.652176
Indonesia,IDN,2007,83.63208
Indonesia,IDN,2008,83.10455
Indonesia,IDN,2009,83.5513
Indonesia,IDN,2010,80.49673
Indonesia,IDN,2011,84.12549
Indonesia,IDN,2012,85.111984
Indonesia,IDN,2013,84.23483
Indonesia,IDN,2014,85.51402
Indonesia,IDN,2015,86.2052
Indonesia,IDN,2016,84.63212
Indonesia,IDN,2017,83.75278
Indonesia,IDN,2018,82.95218
Indonesia,IDN,2019,83.7395
Indonesia,IDN,2020,81.87581
Indonesia,IDN,2021,81.833466
Indonesia,IDN,2022,80.38916
Indonesia,IDN,2023,81.403305
Indonesia,IDN,2024,81.91042
Japan,JPN,2000,61.793083
Japan,JPN,2001,61.3291
Japan,JPN,2002,62.568108
Japan,JPN,2003,68.679016
Japan,JPN,2004,64.47525
Japan,JPN,2005,65.671646
Japan,JPN,2006,64.034874
Japan,JPN,2007,67.73437
Japan,JPN,2008,70.11743
Japan,JPN,2009,66.61371
Japan,JPN,2010,64.48219
Japan,JPN,2011,74.96559
Japan,JPN,2012,88.31671
Japan,JPN,2013,87.57538
Japan,JPN,2014,87.40026
Japan,JPN,2015,84.609566
Japan,JPN,2016,84.06976
Japan,JPN,2017,82.136024
Japan,JPN,2018,79.27382
Japan,JPN,2019,76.89039
Japan,JPN,2020,76.654495
Japan,JPN,2021,73.966576
Japan,JPN,2022,74.53703
Japan,JPN,2023,70.16876
Japan,JPN,2024,68.71083
Japan,JPN,2025,67.294586
Kenya,KEN,2000,59.62877
Kenya,KEN,2001,40.540543
Kenya,KEN,2002,23.300972
Kenya,KEN,2003,18.065693
Kenya,KEN,2004,29.545456
Kenya,KEN,2005,33.283585
Kenya,KEN,2006,37.150463
Kenya,KEN,2007,25.93703
Kenya,KEN,2008,27.317072
Kenya,KEN,2009,39.38931
Kenya,KEN,2010,25.55866
Kenya,KEN,2011,30.779057
Kenya,KEN,2012,22.52142
Kenya,KEN,2013,21.658417
Kenya,KEN,2014,23.586958
Kenya,KEN,2015,10.19368
Kenya,KEN,2016,10.743801
Kenya,KEN,2017,19.113573
Kenya,KEN,2018,13.716813
Kenya,KEN,2019,11.332179
Kenya,KEN,2020,6.4212327
Kenya,KEN,2021,10.177706
Kenya,KEN,2022,12.191359
Kenya,KEN,2023,10.234374
Kenya,KEN,2024,8.52187
Kenya,KEN,2025,9.97151
Mexico,MEX,2000,76.58384
Mexico,MEX,2001,79.33118
Mexico,MEX,2002,81.129196
Mexico,MEX,2003,83.40152
Mexico,MEX,2004,82.30171
Mexico,MEX,2005,81.17514
Mexico,MEX,2006,80.92878
Mexico,MEX,2007,82.42422
Mexico,MEX,2008,78.76267
Mexico,MEX,2009,83.04452
Mexico,MEX,2010,81.00301
Mexico,MEX,2011,80.82492
Mexico,MEX,2012,82.5129
Mexico,MEX,2013,82.52558
Mexico,MEX,2014,79.125046
Mexico,MEX,2015,80.72561
Mexico,MEX,2016,81.41095
Mexico,MEX,2017,81.26348
Mexico,MEX,2018,80.30576
Mexico,MEX,2019,80.06501
Mexico,MEX,2020,75.27093
Mexico,MEX,2021,71.38988
Mexico,MEX,2022,72.37101
Mexico,MEX,2023,76.20983
Mexico,MEX,2024,75.4181
Mexico,MEX,2025,74.06225
New Zealand,NZL,2000,28.244667
New Zealand,NZL,2001,36.354378
New Zealand,NZL,2002,30.365582
New Zealand,NZL,2003,33.91132
New Zealand,NZL,2004,27.608232
New Zealand,NZL,2005,35.59322
New Zealand,NZL,2006,35.223045
New Zealand,NZL,2007,34.50899
New Zealand,NZL,2008,35.768612
New Zealand,NZL,2009,28.31199
New Zealand,NZL,2010,26.878807
New Zealand,NZL,2011,24.008207
New Zealand,NZL,2012,28.274286
New Zealand,NZL,2013,25.807962
New Zealand,NZL,2014,20.89935
New Zealand,NZL,2015,19.921965
New Zealand,NZL,2016,15.666281
New Zealand,NZL,2017,18.781492
New Zealand,NZL,2018,16.601875
New Zealand,NZL,2019,17.577143
New Zealand,NZL,2020,19.07728
New Zealand,NZL,2021,18.277842
New Zealand,NZL,2022,13.063584
New Zealand,NZL,2023,10.375379
New Zealand,NZL,2024,14.019542
New Zealand,NZL,2025,11.467466
Nigeria,NGA,2000,61.736774
Nigeria,NGA,2001,61.732384
Nigeria,NGA,2002,61.763344
Nigeria,NGA,2003,63.0693
Nigeria,NGA,2004,66.5706
Nigeria,NGA,2005,66.96391
Nigeria,NGA,2006,72.88062
Nigeria,NGA,2007,72.857765
Nigeria,NGA,2008,72.869316
Nigeria,NGA,2009,77.05912
Nigeria,NGA,2010,75.583626
Nigeria,NGA,2011,78.21745
Nigeria,NGA,2012,80.201805
Nigeria,NGA,2013,81.43795
Nigeria,NGA,2014,83.30235
Nigeria,NGA,2015,80.49443
Nigeria,NGA,2016,77.53147
Nigeria,NGA,2017,75.80645
Nigeria,NGA,2018,78.83411
Nigeria,NGA,2019,76.659355
Nigeria,NGA,2020,79.44737
Nigeria,NGA,2021,79.33673
Nigeria,NGA,2022,75.289474
Nigeria,NGA,2023,77.3216
Nigeria,NGA,2024,75
Nigeria,NGA,2025,68.680786
Peru,PER,2000,18.022087
Peru,PER,2001,14.443909
Peru,PER,2002,17.09868
Peru,PER,2003,18.316614
Peru,PER,2004,27.13402
Peru,PER,2005,27.72549
Peru,PER,2006,26.717836
Peru,PER,2007,33.27765
Peru,PER,2008,39.87049
Peru,PER,2009,39.398544
Peru,PER,2010,42.295906
Peru,PER,2011,43.23222
Peru,PER,2012,44.744743
Peru,PER,2013,46.05838
Peru,PER,2014,47.62738
Peru,PER,2015,47.275738
Peru,PER,2016,49.602943
Peru,PER,2017,41.39632
Peru,PER,2018,38.868546
Peru,PER,2019,39.458416
Peru,PER,2020,36.516323
Peru,PER,2021,38.42779
Peru,PER,2022,44.757927
Peru,PER,2023,45.62182
Peru,PER,2024,39.888683
Peru,PER,2025,36.350098
South Africa,ZAF,2000,93.07415
South Africa,ZAF,2001,93.878815
South Africa,ZAF,2002,93.403755
South Africa,ZAF,2003,94.05311
South Africa,ZAF,2004,93.97817
South Africa,ZAF,2005,94.659706
South Africa,ZAF,2006,94.732285
South Africa,ZAF,2007,94.44002
South Africa,ZAF,2008,94.28549
South Africa,ZAF,2009,94.085594
South Africa,ZAF,2010,94.17543
South Africa,ZAF,2011,93.74047
South Africa,ZAF,2012,94.384766
South Africa,ZAF,2013,93.83473
South Africa,ZAF,2014,92.89555
South Africa,ZAF,2015,92.4975
South Africa,ZAF,2016,90.82315
South Africa,ZAF,2017,89.6841
South Africa,ZAF,2018,90.61257
South Africa,ZAF,2019,89.54834
South Africa,ZAF,2020,89.54474
South Africa,ZAF,2021,87.26065
South Africa,ZAF,2022,85.90124
South Africa,ZAF,2023,84.12535
South Africa,ZAF,2024,84.33662
South Africa,ZAF,2025,82.15933
Sweden,SWE,2000,3.2844455
Sweden,SWE,2001,3.8180692
Sweden,SWE,2002,5.0715747
Sweden,SWE,2003,6.8247285
Sweden,SWE,2004,3.8862495
Sweden,SWE,2005,3.0058098
Sweden,SWE,2006,3.6571746
Sweden,SWE,2007,2.9700308
Sweden,SWE,2008,3.0687125
Sweden,SWE,2009,3.3821373
Sweden,SWE,2010,5.7460423
Sweden,SWE,2011,3.8062282
Sweden,SWE,2012,2.4573421
Sweden,SWE,2013,2.5354507
Sweden,SWE,2014,1.908049
Sweden,SWE,2015,1.9444445
Sweden,SWE,2016,2.3478093
Sweden,SWE,2017,2.1128905
Sweden,SWE,2018,2.2404506
Sweden,SWE,2019,1.989075
Sweden,SWE,2020,1.4898034
Sweden,SWE,2021,1.7813482
Sweden,SWE,2022,1.664259
Sweden,SWE,2023,1.4031917
Sweden,SWE,2024,1.2082486
Sweden,SWE,2025,1.2184405
United Kingdom,GBR,2000,74.81303
United Kingdom,GBR,2001,74.10661
United Kingdom,GBR,2002,74.44221
United Kingdom,GBR,2003,75.04332
United Kingdom,GBR,2004,76.101746
United Kingdom,GBR,2005,75.260445
United Kingdom,GBR,2006,76.45178
United Kingdom,GBR,2007,79.15627
United Kingdom,GBR,2008,80.86436
United Kingdom,GBR,2009,74.96019
United Kingdom,GBR,2010,76.88321
United Kingdom,GBR,2011,71.68791
United Kingdom,GBR,2012,69.31596
United Kingdom,GBR,2013,65.44044
United Kingdom,GBR,2014,62.062237
United Kingdom,GBR,2015,54.643375
United Kingdom,GBR,2016,54.37821
United Kingdom,GBR,2017,49.964523
United Kingdom,GBR,2018,47.507187
United Kingdom,GBR,2019,46.233078
United Kingdom,GBR,2020,40.744442
United Kingdom,GBR,2021,45.24521
United Kingdom,GBR,2022,43.785816
United Kingdom,GBR,2023,39.74293
United Kingdom,GBR,2024,35.06827
United Kingdom,GBR,2025,35.58209
United States,USA,2000,70.94185
United States,USA,2001,71.86129
United States,USA,2002,70.959076
United States,USA,2003,71.23476
United States,USA,2004,71.31366
United States,USA,2005,71.870316
United States,USA,2006,71.1293
United States,USA,2007,72.13493
United States,USA,2008,71.19145
United States,USA,2009,69.176
United States,USA,2010,70.06641
United States,USA,2011,68.20784
United States,USA,2012,68.77622
United States,USA,2013,67.71385
United States,USA,2014,67.187584
United States,USA,2015,66.85423
United States,USA,2016,65.00112
United States,USA,2017,62.68449
United States,USA,2018,63.340916
United States,USA,2019,62.240826
United States,USA,2020,60.148197
United States,USA,2021,60.48675
United States,USA,2022,59.651867
United States,USA,2023,59.10562
United States,USA,2024,58.130684
United States,USA,2025,56.998444